botanical_name,common_name,family_botanical_name,native,EOL_ID,EOL_overview_URL,simplified_IUCN_status,IUCN_status,IUCN_DOI_or_URL,shade_production,form,type,Cal_IPC_rating,CAL_IPC_url,Irrigation_Requirements
Acacia baileyana,BAILEY ACACIA,Fabaceae,exotic,649008,http://eol.org/pages/649008/overview,not listed,not listed,,dense,spreading,evergreen,watch,https://www.cal-ipc.org/plants/risk/acacia-baileyana-risk/,"none, once established"
Acacia baileyana 'Purpurea',Purple Acacia,Fabaceae,exotic,649008,http://eol.org/pages/649008/overview,not listed,not listed,,dense,spreading,evergreen,watch,https://www.cal-ipc.org/plants/risk/acacia-baileyana-risk/,"none, once established"
Acacia cognata,River Wattle,Fabaceae,exotic,660740,http://eol.org/pages/660740/overview,not listed,not listed,,dense,"small, spreading",,,,
Acacia longifolia,Sydney Golden Wattle,Fabaceae,exotic,690308,http://eol.org/pages/690308/overview,not listed,not listed,,dense,rounded,,,,
Acacia melanoxylon,BLACK ACACIA,Fabaceae,exotic,8684941,http://eol.org/pages/8684941/overview,not listed,not listed,,dense,rounded,evergreen,limited,https://www.cal-ipc.org/plants/paf/acacia-melanoxylon-plant-assessment-form/,"none, once established"
Acacia stenophylla,Shoestring Acacia,Fabaceae,exotic,643396,http://eol.org/pages/643396/overview,not listed,not listed,,filtered,"weeping, pendulous",,,,
Acca sellowiana,Pinapple Guava,Myrtaceae,exotic,2508674,http://eol.org/pages/2508674/overview,not listed,not listed,,filtered,rounded,,,,
Acer palmatum,JAPANESE MAPLE,Sapindaceae,exotic,596824,http://eol.org/pages/596824/overview,Least Concern,Least Concern,http://dx.doi.org/10.2305/IUCN.UK.2017-3.RLTS.T193845A2285627.en,dense,"spreading, vase",,,,moderate
Acer paxii,Acer Paxii,Sapindaceae,exotic,2888996,http://eol.org/pages/2888996/overview,not listed,not listed,,dense,rounded,,,,
Acer rubrum,Red Maple,Sapindaceae,exotic,582246,http://eol.org/pages/582246/overview,Least Concern,Learn Concern,http://dx.doi.org/10.2305/IUCN.UK.2017-3.RLTS.T193860A2287111.en,filtered,"Conical, rounded, Spreading",,,,
Acer saccharinum,SILVER MAPLE,Sapindaceae,exotic,583072,http://eol.org/pages/583072/overview,Least Concern,Learn Concern,http://dx.doi.org/10.2305/IUCN.UK.2017-3.RLTS.T193862A2287256.en,dense,"spreading, vase",,,,
Acer spp.,Maple,Sapindaceae,exotic,37290,http://eol.org/pages/37290/overview,not listed,not listed,,dense,rounded,,,,
Acmena smithii,LILLY-PILLY TREE,Myrtaceae,exotic,5453366,http://eol.org/pages/5453366/overview,not listed,not listed,,dense,rounded,evergreen,,,
Afrocarpus gracilior,FERN PINE,Podocarpaceae,exotic,1033605,http://eol.org/pages/1033605/overview,Least Concern,Least Concern,http://dx.doi.org/10.2305/IUCN.UK.2013-1.RLTS.T42439A2980350.en,dense,rounded,,,,
Afrocarpus macrophyllus,YEW PINE,Podocarpaceae,exotic,1059922,http://eol.org/pages/1059922/overview,not listed,not listed,,dense,rounded,,,,
Agathis robusta,Queensland Kauri,Araucariaceae,exotic,1033628,http://eol.org/pages/1033628/overview,Least Concern,Least Concern,http://dx.doi.org/10.2305/IUCN.UK.2013-1.RLTS.T16437966A2960124.en,dense,rounded,,,,
Agonis flexuosa,PEPPERMINT TREE,Myrtaceae,exotic,5448625,http://eol.org/pages/5448625/overview,not listed,not listed,,filtered,pendulous,,,,minimal
Ailanthus altissima,TREE OF HEAVEN,Simaroubaceae,exotic,5614169,http://eol.org/pages/5614169/overview,not listed,not listed,,dense,"spreading, vase",,moderate,https://www.cal-ipc.org/plants/paf/ailanthus-altissima-plant-assessment-form/,
Albizia julibrissin,SILK TREE,Fabaceae,exotic,640054,http://eol.org/pages/640054/overview,not listed,not listed,,filtered,rounded,deciduous,,,minimal
Allocasuarina verticillata,Drooping She-Oak,Casuarinaceae,exotic,628407,http://eol.org/pages/628407/overview,not listed,not listed,,filtered,"vase, pendulous",,,,
Alnus cordata,ITALIAN ALDER,Betulaceae,exotic,1145955,http://eol.org/pages/1145955/overview,Least Concern,Least Concern,http://dx.doi.org/10.2305/IUCN.UK.2017-3.RLTS.T194657A117268007.en,dense,"Conical, Spreading",,,,moderate
Alnus rhombifolia,WHITE ALDER,Betulaceae,native,1145613,http://eol.org/pages/1145613/overview,Least Concern,Least Concern,http://dx.doi.org/10.2305/IUCN.UK.2014-3.RLTS.T194648A2355642.en,dense,"Columnar, Conical, Rounded",,,,moderate
Angophora costata,Gum Myrtle,Myrtaceae,exotic,630874,http://eol.org/pages/630874/overview,not listed,not listed,,dense,vase,,,,
Araucaria bidwillii,BUNYA-BUNYA,Araucariaceae,exotic,323342,http://eol.org/pages/323342/overview,Least Concern,Least Concern,http://dx.doi.org/10.2305/IUCN.UK.2011-2.RLTS.T42195A10660714.en,dense,"Conical, Spreading",evergreen,,,
Araucaria columnaris,STAR PINE,Araucariaceae,exotic,988571,http://eol.org/pages/988571/overview,Least Concern,Least Concern,http://dx.doi.org/10.2305/IUCN.UK.2010-2.RLTS.T42196A10661112.en,dense,"Conical, Spreading",evergreen,,,moderate
Araucaria heterophylla,NORFOLK ISLAND PINE,Araucariaceae,exotic,1033727,http://eol.org/pages/1033727/overview,Vulnerable,Vulnerable D2,http://dx.doi.org/10.2305/IUCN.UK.2011-2.RLTS.T30497A9548582.en,dense,"Conical, Spreading",evergreen,,,moderate
Arbutus 'Marina',MARINA ARBUTUS,Ericaceae,exotic,71122,http://eol.org/pages/71122/overview,not listed,not listed,,dense,rounded,evergreen,,,
Arbutus unedo,STRAWBERRY TREE,Ericaceae,exotic,583608,http://eol.org/pages/583608/overview,Least Concern,Least Concern,http://dx.doi.org/10.2305/IUCN.UK.2017-3.RLTS.T202930A68076133.en,dense,rounded,evergreen,,,minimal
Archontophoenix cunninghamiana,KING PALM,Arecaceae,exotic,1136266,http://eol.org/pages/1136266/overview,not listed,not listed,,"little, none",palm,evergreen,,,
Asphalted well,Asphalted well,,,,,not listed,not listed,,,,,,,
Auranticarpa rhombifolium,QUEENSLAND PITTOSPORUM,Pittosporaceae,exotic,5556305,http://eol.org/pages/5556305/overview,not listed,not listed,,dense,rounded,,,,
Bauhinia blakeana,HONG KONG ORCHID TREE,Fabaceae,exotic,641500,http://eol.org/pages/641500/overview,not listed,not listed,,dense,"pendulous, spreading",,,,minimal
Bauhinia variegata,Purple Orchid Tree,Fabaceae,exotic,702916,http://eol.org/pages/702916/overview,Least Concern,Least Concern,http://dx.doi.org/10.2305/IUCN.UK.2012.RLTS.T19893142A20028421.en,dense,"pendulous, spreading",,,,minimal
Betula pendula,EUROPEAN WHITE BIRCH,Betulaceae,exotic,1149364,http://eol.org/pages/1149364/overview,Least Concern,Least Concern,http://dx.doi.org/10.2305/IUCN.UK.2014-3.RLTS.T62535A3115662.en,filtered,"Columnar, Pendulous",deciduous,,,moderate
Brachychiton acerifolius,Australian Flame Tree,Malvaceae,exotic,5420372,http://eol.org/pages/5420372/overview,not listed,not listed,,dense,rounded,deciduous,,,
Brachychiton populneus,BOTTLE TREE,Malvaceae,exotic,487630,http://eol.org/pages/487630/overview,not listed,not listed,,dense,rounded,evergreen,,,minimal
Brahea armata,MEXICAN BLUE PALM,Arecaceae,exotic,1121077,http://eol.org/pages/1121077/overview,Least Concern,Least Concern,http://dx.doi.org/10.2305/IUCN.UK.2015-2.RLTS.T55948517A56756065.en,"little, none",palm,evergreen,,,minimal
Brahea brandegeei,San Jose Hesper Palm,Arecaceae,exotic,1121061,http://eol.org/pages/1121061/overview,Least Concern,Least Concern,http://dx.doi.org/10.2305/IUCN.UK.2015-2.RLTS.T55948714A55948834.en,"little, none",palm,evergreen,,,
Brahea edulis,GUADALUPE PALM,Arecaceae,exotic,1121015,http://eol.org/pages/1121015/overview,Endangered,Endangered C1,http://dx.doi.org/10.2305/IUCN.UK.1998.RLTS.T38455A10120521.en,"little, none",palm,evergreen,,,minimal
Butia capitata,PINDO PALM,Arecaceae,exotic,1003987,http://eol.org/pages/1003987/overview,not listed,not listed,,"little, none",palm,evergreen,,,moderate
Calocedrus decurrens,INCENSE CEDAR,Cupressaceae,native,1061623,http://eol.org/pages/1061623/overview,Least Concern,Least Concern,http://dx.doi.org/10.2305/IUCN.UK.2013-1.RLTS.T42210A2962006.en,dense,conical,evergreen,,,"none, once established"
Calodendrum capense,CAPE CHESTNUT,Rutaceae,exotic,5623469,http://eol.org/pages/5623469/overview,not listed,not listed,,dense,rounded,,,,moderate
Carya illinoinensis,Pecan,Juglandaceae,exotic,594985,https://eol.org/pages/594985/overview,not listed,not listed,,dense,"rounded, spreading",deciduous,,,
Casimiroa edulis,WHITE SAPOTE,Rutaceae,exotic,483587,http://eol.org/pages/483587/overview,not listed,not listed,,dense,rounded,,,,moderate
Cassia leptophylla,GOLD MEDALLION TREE,Fabaceae,exotic,640224,http://eol.org/pages/640224/overview,not listed,not listed,,filtered,rounded,,,,minimal
Castanea mollissima,CHINESE CHESTNUT,Fagaceae,exotic,1148512,http://eol.org/pages/1148512/overview,not listed,not listed,,dense,rounded,,,,minimal
Casuarina cunninghamiana,RIVER SHE-OAK,Casuarinaceae,exotic,629957,http://eol.org/pages/629957/overview,not listed,not listed,,filtered,"Columnar, Conical",evergreen,,,minimal
Catalpa hybrida,Hybrid Catalpa,Bignoniaceae,exotic,70927,http://eol.org/pages/70927/overview,not listed,not listed,,dense,rounded,,,,
Cedrus atlantica,ATLAS CEDAR,Pinaceae,exotic,1033602,http://eol.org/pages/1033602/overview,Endangered,Endangered A2cd,http://dx.doi.org/10.2305/IUCN.UK.2013-1.RLTS.T42303A2970716.en,dense,conical,,,,minimal
Cedrus atlantica 'Glauca',CEDAR BLUE ATLAS,Pinaceae,exotic,1033602,http://eol.org/pages/1033602/overview,Endangered,Endangered A2cd,http://dx.doi.org/10.2305/IUCN.UK.2013-1.RLTS.T42303A2970716.en,dense,"Conical, Spreading",evergreen,,,minimal
Cedrus deodara,DEODAR CEDAR,Pinaceae,exotic,1033603,http://eol.org/pages/1033603/overview,Least Concern,Least Concern,http://dx.doi.org/10.2305/IUCN.UK.2013-1.RLTS.T42304A2970751.en,dense,"Conical, Spreading",evergreen,,,minimal
Cedrus libani,CEDAR-OF-LEBANON,Pinaceae,exotic,1061705,http://eol.org/pages/1061705/overview,Vulnerable,"Vulnerable B2ab(ii,iii,v)",http://dx.doi.org/10.2305/IUCN.UK.2013-1.RLTS.T46191675A46192926.en,dense,conical,,,,minimal
Ceiba speciosa,Silk-Floss Tree,Malvaceae,exotic,5405972,http://eol.org/pages/5405972/overview,not listed,not listed,,filtered,rounded,,,,
Ceratonia siliqua,CAROB,Fabaceae,exotic,418096,http://eol.org/pages/418096/overview,Least Concern,Least Concern,http://dx.doi.org/10.2305/IUCN.UK.2017-3.RLTS.T202951A112823254.en,dense,rounded,evergreen,,,minimal
Cercidium floridum,Blue Palo Verde,Fabaceae,native,2867690,http://eol.org/pages/2867690/overview,not listed,not listed,,little,rounded,,,,
Cercis canadensis,EASTERN REDBUD,Fabaceae,exotic,640323,http://eol.org/pages/640323/overview,Least Concern,Least Concern,http://dx.doi.org/10.2305/IUCN.UK.2000.RLTS.T33892A9812587.en,filtered,rounded,deciduous,,,minimal
Cercis canadensis 'Forest Pansy',FOREST PANSY REDBUD,Fabaceae,exotic,640323,http://eol.org/pages/640323/overview,not listed,not listed,,filtered,rounded,deciduous,,,minimal
Cercis canadensis 'Oklahoma',Oklahoma Redbud,Fabaceae,exotic,640323,http://eol.org/pages/640323/overview,not listed,not listed,,filtered,rounded,deciduous,,,minimal
Cercis canadensis texensis,Texas Redbud,Fabaceae,exotic,1271471,http://eol.org/pages/1271471/overview,not listed,not listed,,filtered,rounded,deciduous,,,minimal
Cercis canadensis var. mexicana,Mexican Redbud,Fabaceae,exotic,1271470,http://eol.org/pages/1271470/overview,not listed,not listed,,filtered,rounded,deciduous,,,minimal
Cercis occidentalis,WESTERN REDBUD,Fabaceae,native,640324,http://eol.org/pages/640324/overview,not listed,not listed,,filtered,rounded,deciduous,,,minimal
Cercis spp.,Redbud,Fabaceae,exotic,28998,http://eol.org/pages/28998/overview,not listed,not listed,,dense,rounded,,,,minimal
Chamaerops humilis,MEDITERRANEAN FAN PALM,Arecaceae,exotic,1091059,http://eol.org/pages/1091059/overview,Least Concern,Least Concern,http://dx.doi.org/10.2305/IUCN.UK.2017-3.RLTS.T13164373A95532812.en,"little, none",palm,evergreen,,,moderate
Chilopsis linearis,Desert Willow,Bignoniaceae,native,580331,http://eol.org/pages/580331/overview,not listed,not listed,,filtered,rounded,,,,
Chionanthus retusus,CHINESE FRINGE TREE,Oleaceae,exotic,2892340,http://eol.org/pages/2892340/overview,not listed,not listed,,filtered,rounded,deciduous,,,moderate
Chitalpa tashkentensis,CHITALPA,Bignoniaceae,exotic,5641725,http://eol.org/pages/5641725/overview,not listed,not listed,,filtered,rounded,,,,
Cinnamomum camphora,CAMPHOR TREE,Lauraceae,exotic,596902,http://eol.org/pages/596902/overview,not listed,not listed,,dense,"Rounded, Spreading",evergreen,,,minimal
Citrus limon,LEMON,Rutaceae,exotic,582200,http://eol.org/pages/582200/overview,not listed,not listed,,dense,rounded,evergreen,,,moderate
Citrus sinensis,ORANGE,Rutaceae,exotic,582206,http://eol.org/pages/582206/overview,not listed,not listed,,dense,rounded,evergreen,,,moderate
Cocculus laurifolius,LAUREL-LEAFED SNAILSEED,Menispermaceae,exotic,2886371,http://eol.org/pages/2886371/overview,not listed,not listed,,"filtered, dense",rounded,evergreen,,,
Cordyline australis,DRACAENA,Asparagaceae,exotic,1087084,http://eol.org/pages/1087084/overview,not listed,not listed,,"little, none",palm,evergreen,limited,https://www.cal-ipc.org/plants/paf/cordyline-australis-plant-assessment-form/,moderate
Corymbia citriodora,LEMON-SCENTED GUM,Myrtaceae,exotic,301375,http://eol.org/pages/301375/overview,not listed,not listed,,dense,rounded,,,,
Corymbia ficifolia,RED FLOWERING GUM,Myrtaceae,exotic,301438,http://eol.org/pages/301438/overview,not listed,not listed,,dense,rounded,,,,
Corymbia maculata,SPOTTED GUM,Myrtaceae,exotic,301463,http://eol.org/pages/301463/overview,not listed,not listed,,dense,rounded,,,,
Cotinus coggygria,SMOKE TREE,Anacardiaceae,exotic,582267,http://eol.org/pages/582267/overview,Least Concern,Least Concern,http://dx.doi.org/10.2305/IUCN.UK.2018-1.RLTS.T202959A119996147.en,dense,rounded,deciduous,,,
Cryptomeria japonica,JAPANESE CEDAR,Cupressaceae,exotic,126871,http://eol.org/pages/126871/overview,Near Threatened,Near Threatened,http://dx.doi.org/10.2305/IUCN.UK.2013-1.RLTS.T39149A2886821.en,dense,conical,evergreen,,,moderate
Cupaniopsis anacardioides,CARROTWOOD,Sapindaceae,exotic,481245,http://eol.org/pages/481245/overview,not listed,not listed,,filtered,rounded,evergreen,,,
Cupressocyparis x leylandii,LEYLAND CYPRESS,Cupressaceae,exotic,2496922,http://eol.org/pages/2496922/overview,not listed,not listed,,dense,columnar,evergreen,,,moderate
Cupressus glabra,Smoothbark Arizona Cypress,Cupressaceae,exotic,1282063,http://eol.org/pages/1282063/overview,Near Threatened,Near Threatened,http://dx.doi.org/10.2305/IUCN.UK.2013-1.RLTS.T19708408A19708411.en,dense,Columnar,,,,minimal
Cupressus sempervirens,ITALIAN CYPRESS,Cupressaceae,exotic,1034869,http://eol.org/pages/1034869/overview,Least Concern,Least Concern,http://www.iucnredlist.org/details/32518/0,dense,columnar,evergreen,,,minimal
Cyathea cooperi,Australian Tree Fern,Cyatheaceae,exotic,483203,http://eol.org/pages/483203/overview,not listed,not listed,,filtered,fern,,,,
Diospyros virginiana,AMERICAN PERSIMMON,Ebenaceae,exotic,595775,http://eol.org/pages/595775/overview,not listed,not listed,,filtered,rounded,deciduous,,,moderate
Dodonaea viscosa,HOPSEED,Sapindaceae,exotic,582326,http://eol.org/pages/582326/overview,not listed,not listed,,dense,rounded,evergreen,,,minimal
Dracaena draco,DRAGON TREE,Asparagaceae,exotic,1087629,http://eol.org/pages/1087629/overview,Vulnerable,Vulnerable A1abcde,http://dx.doi.org/10.2305/IUCN.UK.1998.RLTS.T30394A9535771.en,little,rounded,,,,moderate
Duranta repens,Brazilian Sky Flower,Verbenaceae,exotic,487855,http://eol.org/pages/487855/overview,not listed,not listed,,filtered,spreading,,,,moderate
Dypsis decaryi,TRIANGLE PALM,Arecaceae,exotic,1095068,http://eol.org/pages/1095068/overview,Vulnerable,Vulnerable D1,http://dx.doi.org/10.2305/IUCN.UK.2012.RLTS.T38531A2873409.en,"little, none",palm,evergreen,,,
Eriobotrya deflexa,BRONZE LOQUAT,Rosaceae,exotic,229674,http://eol.org/pages/229674/overview,not listed,not listed,,"filtered, dense","rounded, vase",evergreen,,,moderate
Eriobotrya japonica,EDIBLE LOQUAT,Rosaceae,exotic,628975,http://eol.org/pages/628975/overview,not listed,not listed,,dense,"rounded, vase",evergreen,,,
Erythrina bidwillii,Bidwills Coral Tree,Fabaceae,exotic,644108,http://eol.org/pages/644108/overview,not listed,not listed,,dense,spreading,,,,moderate
Erythrina caffra,KAFFIRBOOM CORAL TREE,Fabaceae,exotic,644148,http://eol.org/pages/644148/overview,not listed,not listed,,dense,spreading,,,,moderate
Erythrina coralloides,NAKED CORAL TREE,Fabaceae,exotic,643189,http://eol.org/pages/643189/overview,not listed,not listed,,dense,spreading,,,,moderate
Eucalyptus amplifolia,CABBAGE GUM,Myrtaceae,exotic,630154,http://eol.org/pages/630154/overview,not listed,not listed,,dense,"vase, rounded",,,,minimal
Eucalyptus camaldulensis,RED GUM,Myrtaceae,exotic,301398,http://eol.org/pages/301398/overview,not listed,not listed,,"filtered, dense",rounded,evergreen,limited,https://www.cal-ipc.org/plants/paf/eucalyptus-camaldulensis-plant-assessment-form/,minimal
Eucalyptus cinerea,ASH GUM,Myrtaceae,exotic,630170,http://eol.org/pages/630170/overview,not listed,not listed,,filtered,rounded,evergreen,,,minimal
Eucalyptus cladocalyx,SUGAR GUM,Myrtaceae,exotic,637218,http://eol.org/pages/637218/overview,not listed,not listed,,dense,"vase, rounded",,watch,https://www.cal-ipc.org/plants/risk/eucalyptus-cladocalyx-risk/,minimal
Eucalyptus cornuta,YATE,Myrtaceae,exotic,230808,http://eol.org/pages/230808/overview,not listed,not listed,,dense,"vase, rounded",,,,minimal
Eucalyptus deglupta,Mindanao Gum,Myrtaceae,exotic,230366,http://eol.org/pages/230366/overview,not listed,not listed,,dense,"vase, rounded",,,,minimal
Eucalyptus globulus,BLUE GUM,Myrtaceae,exotic,301421,http://eol.org/pages/301421/overview,not listed,not listed,,dense,rounded,evergreen,limited,https://www.cal-ipc.org/plants/paf/eucalyptus-globulus-plant-assessment-form/,minimal
Eucalyptus globulus 'Compacta',Dwarf Blue Gum,Myrtaceae,exotic,301421,http://eol.org/pages/301421/overview,not listed,not listed,,dense,rounded,evergreen,limited,https://www.cal-ipc.org/plants/paf/eucalyptus-globulus-plant-assessment-form/,minimal
Eucalyptus grandis,FLOODED GUM,Myrtaceae,exotic,230778,http://eol.org/pages/230778/overview,not listed,not listed,,dense,"vase, rounded",,,,minimal
Eucalyptus lehmannii,BUSHY YATE,Myrtaceae,exotic,630174,http://eol.org/pages/630174/overview,not listed,not listed,,dense,spreading,evergreen,,,minimal
Eucalyptus leucoxylon 'Rosea',LG.-FRUIT RED-FLOWERING GUM,Myrtaceae,exotic,301411,http://eol.org/pages/301411/overview,not listed,not listed,,"filtered, dense",rounded,evergreen,,,minimal
Eucalyptus nicholii,NICHOLS WILLOW LEAFED PEPPERMINT,Myrtaceae,exotic,630137,http://eol.org/pages/630137/overview,not listed,not listed,,"filtered, dense",rounded,evergreen,,,minimal
Eucalyptus polyanthemos,SILVER DOLLAR GUM,Myrtaceae,exotic,633030,http://eol.org/pages/633030/overview,not listed,not listed,,dense,"rounded, vase",evergreen,,,minimal
Eucalyptus pulverulenta,Silver Mountain Gum,Myrtaceae,exotic,301319,http://eol.org/pages/301319/overview,not listed,not listed,,dense,"vase, rounded",,,,minimal
Eucalyptus robusta,SWAMP MAHOGONY,Myrtaceae,exotic,301423,http://eol.org/pages/301423/overview,not listed,not listed,,dense,rounded,evergreen,,,minimal
Eucalyptus rudis,DESERT GUM,Myrtaceae,exotic,633012,http://eol.org/pages/633012/overview,not listed,not listed,,filtered,spreading,evergreen,,,minimal
Eucalyptus sideroxylon,RED IRONBARK,Myrtaceae,exotic,632020,http://eol.org/pages/632020/overview,not listed,not listed,,filtered,columnar,evergreen,,,minimal
Eucalyptus torquata,CORAL GUM,Myrtaceae,exotic,301419,http://eol.org/pages/301419/overview,not listed,not listed,,dense,"vase, rounded",,,,minimal
Eucalyptus viminalis,MANNA GUM,Myrtaceae,exotic,245551,http://eol.org/pages/245551/overview,not listed,not listed,,filtered,vase,evergreen,,,minimal
Eugenia aggregata,Cherry Of The Rio Grande,Myrtaceae,exotic,2508573,http://eol.org/pages/2508573/overview,not listed,not listed,,filtered,,,,,
Ficus benjamina,WEEPING FIG,Moraceae,exotic,594918,http://eol.org/pages/594918/overview,not listed,not listed,,dense,"vase, rounded",evergeen,,,moderate
Ficus benjamina 'Variegata',Chinese Weeping Banyan,Moraceae,exotic,594918,http://eol.org/pages/594918/overview,not listed,not listed,,dense,"vase, rounded",evergreen,,,moderate
Ficus carica,EDIBLE FIG,Moraceae,exotic,594632,http://eol.org/pages/594632/overview,Least Concern,Least Concern,http://dx.doi.org/10.2305/IUCN.UK.2007.RLTS.T63527A12687229.en,dense,"rounded, spreading",deciduous,moderate,https://www.cal-ipc.org/plants/paf/ficus-carica-plant-assessment-form/,moderate
Ficus elastica,RUBBER TREE,Moraceae,exotic,594821,http://eol.org/pages/594821/overview,not listed,not listed,,dense,"vase, rounded",,,,moderate
Ficus lyrata,Fiddleleaf Fig,Moraceae,exotic,482014,http://eol.org/pages/482014/overview,not listed,not listed,,dense,"vase, rounded",,,,moderate
Ficus macrophylla,MORETON BAY FIG,Moraceae,exotic,2876056,http://eol.org/pages/2876056/overview,not listed,not listed,,dense,rounded,evergreen,,,moderate
Ficus microcarpa,WEEPING INDIAN LAUREL FIG,Moraceae,exotic,590525,http://eol.org/pages/590525/overview,not listed,not listed,,dense,"vase, rounded",,,,moderate
Ficus microcarpa 'Green Gem',Green Gem Indian Laurel Fig,Moraceae,exotic,590525,http://eol.org/pages/590525/overview,not listed,not listed,,dense,"vase, rounded",,,,moderate
Ficus microcarpa 'Nitida',INDIAN LAUREL FIG,Moraceae,exotic,26717706,http://eol.org/pages/26717706/overview,not listed,not listed,,dense,"vase, rounded",,,,moderate
Ficus rubiginosa,RUSTY LEAF FIG,Moraceae,exotic,482015,http://eol.org/pages/482015/overview,not listed,not listed,,dense,rounded,evergreen,,,moderate
Ficus spp.,FIG,Moraceae,exotic,60627,http://eol.org/pages/60627/overview,not listed,not listed,,dense,"vase, rounded",,,,moderate
Fraxinus angustifolia oxycarpa,RAYWOOD ASH,Oleaceae,exotic,5653674,http://eol.org/pages/5653674/overview,Least Concern,Least Concern,http://www.iucnredlist.org/details/203366/1,dense,rounded,deciduous,,,
Fraxinus uhdei,SHAMEL ASH,Oleaceae,exotic,487569,http://eol.org/pages/487569/overview,Least Concern,Least Concern,http://dx.doi.org/10.2305/IUCN.UK.2017-3.RLTS.T96444707A96444709.en,dense,rounded,"evergreen, semi-deciduous",,,minimal
Fraxinus velutina,ARIZONA ASH,Oleaceae,native,579143,http://eol.org/pages/579143/overview,Least Concern,Least Concern,http://dx.doi.org/10.2305/IUCN.UK.2017-3.RLTS.T96444728A96444730.en,dense,vase,deciduous,,,minimal
Geijera parviflora,AUSTRALIAN WILLOW,Rutaceae,exotic,5624115,http://eol.org/pages/5624115/overview,not listed,not listed,,dense,rounded,evergreen,,,minimal
Ginkgo biloba,MAIDENHAIR TREE,Ginkgoaceae,exotic,1156278,http://eol.org/pages/1156278/overview,Endangered,Endangered B1+2c,http://dx.doi.org/10.2305/IUCN.UK.1998.RLTS.T32353A9700472.en,filtered,"conical, rounded",deciduous,,,minimal
Ginkgo biloba 'Autumn Gold',GINKGO AUTUMN GOLD,Ginkgoaceae,exotic,1156278,http://eol.org/pages/1156278/overview,not listed,not listed,,filtered,"conical, rounded",deciduous,,,minimal
Gleditsia triacanthos,HONEY LOCUST,Fabaceae,exotic,416265,http://eol.org/pages/416265/overview,not listed,not listed,,filtered,rounded,deciduous,,,
Grevillea robusta,SILK OAK,Proteaceae,exotic,582736,http://eol.org/pages/582736/overview,not listed,not listed,,filtered,spreading,evergreen,watch,https://www.cal-ipc.org/plants/risk/grevillea-robusta-risk/,minimal
Hakea suaveolens,SWEET HAKEA,Proteaceae,exotic,5511103,http://eol.org/pages/5511103/overview,not listed,not listed,,filtered,rounded,,,,
Handroanthus chrysotrichus,Golden Trumpet Tree,Bignoniaceae,exotic,5637482,http://eol.org/pages/5637482/overview,not listed,not listed,,dense,rounded,,,,
Handroanthus impetiginosus,Pink Trumpet Tree,Bignoniaceae,exotic,5637444,http://eol.org/pages/5637444,not listed,not listed,,"filtered, dense","rounded, vase",deciduous,,,
Harpephyllum caffrum,KAFFIR PLUM,Anacardiaceae,exotic,6935240,http://eol.org/pages/6935240/overview,not listed,not listed,,dense,rounded,,,,minimal
Hesperocyparis forbesii,Tecate Cypress,Cupressaceae,native,1282066,http://eol.org/pages/1282066/overview,Endangered,"Endangered B2ab(ii,iii,iv,v)",http://dx.doi.org/10.2305/IUCN.UK.2013-1.RLTS.T34081A2844134.en,filtered,conical,,,,
Hesperocyparis macrocarpa,MONTEREY CYPRESS,Cupressaceae,native,1034856,http://eol.org/pages/1034856/overview,Vulnerable,Vulnerable D2,http://www.iucnredlist.org/details/30375/0,filtered,conical,,,,
Heteromeles arbutifolia,TOYON,Rosaceae,native,2507930,http://eol.org/pages/2507930/overview,not listed,not listed,,dense,rounded,evergreen,,,
Howea belmoreana,Sentry Palm,Arecaceae,exotic,1142854,http://eol.org/pages/1142854/overview,Vulnerable,Vulnerable D2,http://dx.doi.org/10.2305/IUCN.UK.1998.RLTS.T38576A10125688.en,"little, none",palm,evergreen,,,
Howea forsteriana,PARADISE PALM,Arecaceae,exotic,1142853,http://eol.org/pages/1142853/overview,Vulnerable,Vulnerable D2,http://dx.doi.org/10.2305/IUCN.UK.1998.RLTS.T38577A10125794.en,"little, none",palm,evergreen,,,
Hymenosporum flavum,SWEETSHADE,Pittosporaceae,exotic,2865770,http://eol.org/pages/2865770/overview,not listed,not listed,,filtered,"conical, vase",evergreen,,,
Ilex altaclarensis 'Wilsonii',WILSON HOLLY,Aquifoliaceae,exotic,,,not listed,not listed,,"filtered, dense",rounded,evergreen,,,
Jacaranda mimosifolia,JACARANDA,Bignoniaceae,exotic,580335,http://eol.org/pages/580335/overview,Vulnerable,Vulnerable B1+2ac,http://dx.doi.org/10.2305/IUCN.UK.1998.RLTS.T32027A9675619.en,"filtered, dense",rounded,deciduous,,,minimal
Jubaea chilensis,CHILEAN WINE PALM,Arecaceae,exotic,1142626,http://eol.org/pages/1142626/overview,Vulnerable,Vulnerable A1cd,http://dx.doi.org/10.2305/IUCN.UK.1998.RLTS.T38586A10128158.en,"little, none",palm,evergreen,,,
Juglans hindsii,CALIFORNIA BLACK WALNUT,Juglandaceae,native,595007,http://eol.org/pages/595007/overview,Vulnerable,Vulnerable A1c,http://dx.doi.org/10.2305/IUCN.UK.1998.RLTS.T35154A9915361.en,filtered,spreading,deciduous,,,"none, once established"
Juniperus chinensis,CHINESE JUNIPER,Cupressaceae,exotic,1061675,http://eol.org/pages/1061675/overview,Least Concern,Least Concern,http://dx.doi.org/10.2305/IUCN.UK.2013-1.RLTS.T42227A2962948.en,little,conical,evergreen,,,minimal
Juniperus chinensis 'Torulosa',HOLLYWOOD JUNIPER,Cupressaceae,exotic,1061675,http://eol.org/pages/1061675/overview,not listed,not listed,,little,conical,evergreen,,,minimal
Koelreuteria bipinnata,CHINESE FLAME TREE,Sapindaceae,exotic,483646,http://eol.org/pages/483646/overview,not listed,not listed,,filtered,"rounded, vase",deciduous,,,moderate
Koelreuteria paniculata,GOLDENRAIN TREE,Sapindaceae,exotic,487245,http://eol.org/pages/487245/overview,not listed,not listed,,filtered,"rounded, vase",deciduous,,,moderate
Lagerstroemia indica,CRAPE MYRTLE,Lythraceae,exotic,582106,http://eol.org/pages/582106/overview,not listed,not listed,,filtered,rounded,deciduous,,,minimal
Lagerstroemia indica 'Muskogee',MUSKOGEE CRAPE MYRTLE,Lythraceae,exotic,582106,http://eol.org/pages/582106/overview,not listed,not listed,,filtered,rounded,deciduous,,,minimal
Lagerstroemia indica 'Natchez',Natchez Crape Myrtle,Lythraceae,exotic,582106,http://eol.org/pages/582106/overview,not listed,not listed,,filtered,rounded,deciduous,,,minimal
Lagerstroemia indica 'Purple',PURPLE CRAPE MYRTLE,Lythraceae,exotic,582106,http://eol.org/pages/582106/overview,not listed,not listed,,filtered,rounded,deciduous,,,minimal
Lagerstroemia indica 'Red',Red Crape Myrtle,Lythraceae,exotic,582106,http://eol.org/pages/582106/overview,not listed,not listed,,filtered,rounded,deciduous,,,minimal
Lagerstroemia indica 'Tuscarora',Tuscarora Crape Myrtle,Lythraceae,exotic,582106,http://eol.org/pages/582106/overview,not listed,not listed,,filtered,rounded,deciduous,,,minimal
Lagerstroemia indica 'White',White Crape Myrtle,Lythraceae,exotic,582106,http://eol.org/pages/582106/overview,not listed,not listed,,filtered,rounded,deciduous,,,minimal
Lagunaria patersonii,PRIMROSE TREE,Malvaceae,exotic,586694,http://eol.org/pages/586694/overview,not listed,not listed,,dense,rounded,evergreen,,,minimal
Laurus nobilis,SWEET BAY,Lauraceae,exotic,486835,http://eol.org/pages/486835/overview,Least Concern,Least Concern,http://dx.doi.org/10.2305/IUCN.UK.2018-1.RLTS.T203351A119996864.en,dense,conical,evergreen,,,minimal
Leptospermum laevigatum,AUSTRALIAN TEA TREE,Myrtaceae,exotic,2508619,http://eol.org/pages/2508619/overview,not listed,not listed,,dense,rounded,,watch,https://www.cal-ipc.org/plants/risk/leptospermum-laevigatum-risk/,minimal
Leptospermum spp.,Tea Tree,Myrtaceae,exotic,2508616,http://eol.org/pages/2508616/overview,not listed,not listed,,dense,rounded,,,,minimal
Ligustrum lucidum,GLOSSY PRIVET,Oleaceae,exotic,487035,http://eol.org/pages/487035/overview,not listed,not listed,,dense,rounded,evergreen,limited,https://www.cal-ipc.org/plants/paf/ligustrum-lucidum-plant-assessment-form/,
Liquidambar formosana,Chinese Sweetgum,Altingiaceae,exotic,2887420,http://eol.org/pages/2887420/overview,Least Concern,Least Concern,http://www.iucnredlist.org/details/61983495/0,dense,columnar,deciduous,,,
Liquidambar styraciflua,AMERICAN SWEETGUM,Altingiaceae,exotic,594658,http://eol.org/pages/594658/overview,Least Concern,Least Concern,http://www.iucnredlist.org/details/33966/0,dense,"columnar, rounded",deciduous,,,moderate
Liquidambar styraciflua 'Rotundiloba',ROUND-LEAFED SWEETGUM,Altingiaceae,exotic,594658,http://eol.org/pages/594658/overview,not listed,not listed,,dense,"columnar, rounded",deciduous,,,moderate
Liriodendron tulipifera,TULIP TREE,Magnoliaceae,exotic,1155834,http://eol.org/pages/1155834/overview,Least Concern,Least Concern,http://dx.doi.org/10.2305/IUCN.UK.2014-3.RLTS.T194015A2294401.en,dense,"rounded, vase",deciduous,,,moderate
Livistona chinensis,CHINESE FOUNTAIN PALM,Arecaceae,exotic,1140296,http://eol.org/pages/1140296/overview,not listed,not listed,,"little, none",palm,evergreen,,,
Lophostemon confertus,BRISBANE BOX,Myrtaceae,exotic,2508670,http://eol.org/pages/2508670/overview,not listed,not listed,,filtered,rounded,evergreen,,,minimal
Lophostemon confertus 'Variegata',VARIEGATED BRISBANE BOX,Myrtaceae,exotic,2508670,http://eol.org/pages/2508670/overview,not listed,not listed,,filtered,rounded,evergreen,,,minimal
Lyonothamnus floribundus,FERN-LEAF CATALINA IRONWOOD,Rosaceae,native,47383078,https://eol.org/pages/47383078,Vulnerable,Vulnerable D2,http://dx.doi.org/10.2305/IUCN.UK.1998.RLTS.T37561A10058223.en,filtered,vase,evergreen,,,minimal
Macadamia integrifolia,SMOOTH-SHELL MACADAMIA,Proteaceae,exotic,39867980,http://eol.org/pages/39867980/overview,not listed,not listed,,dense,rounded,,,,
Macadamia tetraphylla,ROUGH-SHELL MACADAMIA,Proteaceae,exotic,491550,http://eol.org/pages/491550/overview,not listed,not listed,,dense,rounded,,,,moderate
Magnolia champaca,Champaca,Magnoliaceae,exotic,1155025,http://eol.org/pages/1155025/overview,Least Concern,Least Concern,http://dx.doi.org/10.2305/IUCN.UK.2014-3.RLTS.T191869A15267603.en,dense,rounded,,,,
Magnolia grandiflora,SOUTHERN MAGNOLIA,Magnoliaceae,exotic,1154991,http://eol.org/pages/1154991/overview,Least Concern,Least Concern,http://dx.doi.org/10.2305/IUCN.UK.2014-1.RLTS.T193948A2291865.en,dense,"rounded, spreading",evergreen,,,moderate
Magnolia grandiflora 'Little Gem',Little Gem Magnolia,Magnoliaceae,exotic,1154991,http://eol.org/pages/1154991/overview,not listed,not listed,,dense,"rounded, spreading",evergreen,,,moderate
Magnolia grandiflora 'Samuel Sommer',SAMUEL SOMMER MAGNOLIA,Magnoliaceae,exotic,1154991,http://eol.org/pages/1154991/overview,not listed,not listed,,dense,"rounded, spreading",evergreen,,,moderate
Magnolia soulangiana,SAUCER MAGNOLIA,Magnoliaceae,exotic,2497011,http://eol.org/pages/2497011/overview,not listed,not listed,,filtered,rounded,deciduous,,,
Malus floribunda,Crabapple,Rosaceae,exotic,628729,http://eol.org/pages/628729/overview,not listed,not listed,,dense,spreading,deciduous,,,
Malus sylvestris,EDIBLE APPLE,Rosaceae,exotic,633316,http://eol.org/pages/633316/overview,Data Deficient,Data Deficient,http://dx.doi.org/10.2305/IUCN.UK.2011-1.RLTS.T172170A6841688.en,dense,rounded,,,,moderate
Maytenus boaria,MAYTEN TREE,Celastraceae,exotic,6940183,http://eol.org/pages/6940183/overview,not listed,not listed,,filtered,pendulous,evergreen,watch,https://www.cal-ipc.org/plants/risk/maytenus-boaria-risk/,moderate
Melaleuca armillaris,Drooping Melaleuca,Myrtaceae,exotic,5449241,http://eol.org/pages/5449241/overview,not listed,not listed,,"filtered, dense",rounded,evergreen,,,minimal
Melaleuca citrina,LEMON BOTTLEBRUSH,Myrtaceae,exotic,2508464,http://eol.org/pages/2508464/overview,not listed,not listed,,,,,,,
Melaleuca ericifolia,Heath Melaleuca,Myrtaceae,exotic,5449388,http://eol.org/pages/5449388/overview,not listed,not listed,,dense,pendulous,,,,minimal
Melaleuca genistifolia,Melaleuca Decora,Myrtaceae,exotic,5449350,http://eol.org/pages/5449350/overview,not listed,not listed,,dense,pendulous,,,,
Melaleuca linariifolia,FLAXLEAF PAPERBARK,Myrtaceae,exotic,2508583,http://eol.org/pages/2508583/overview,not listed,not listed,,"filtered, dense",rounded,evergreen,,,
Melaleuca nesophila,PINK MELALEUCA,Myrtaceae,exotic,5449572,http://eol.org/pages/5449572/overview,not listed,not listed,,little,rounded,evergreen,,,minimal
Melaleuca quinquenervia,CAJEPUT TREE,Myrtaceae,exotic,2508582,http://eol.org/pages/2508582/overview,not listed,not listed,,dense,"rounded, vase",evergreen,,,minimal
Melaleuca spp.,Melaleuca,Myrtaceae,exotic,1327063,http://eol.org/pages/1327063/overview,not listed,not listed,,dense,pendulous,,,,
Melaleuca viminalis,WEEPING BOTTLEBRUSH,Myrtaceae,exotic,5454625,http://eol.org/pages/5454625/overview,not listed,not listed,,,,,,,
Melia azedarach,CHINABERRY,Meliaceae,exotic,581918,http://eol.org/pages/581918/overview,Least Concern,Least Concern,http://dx.doi.org/10.2305/IUCN.UK.2018-1.RLTS.T61801956A61801958.en,filtered,rounded,deciduous,,,
Metrosideros excelsus,NEW ZEALAND CHRISTMAS TREE,Myrtaceae,exotic,5448620,http://eol.org/pages/5448620/overview,not listed,not listed,,"filtered, dense",rounded,evergreen,,,minimal
Morus alba,WHITE MULBERRY,Moraceae,exotic,594885,http://eol.org/pages/594885/overview,not listed,not listed,,dense,"rounded, spreading",evergreen,,,moderate
Morus spp.,Mulberry Species,Moraceae,exotic,72690,https://eol.org/pages/72690,not listed,not listed,,,,,,,
Musa spp.,BANANA,Musaceae,exotic,44527,http://eol.org/pages/44527/overview,not listed,not listed,,,,,,,high
Myoporum laetum,MYOPORUM,Scrophulariaceae,exotic,578077,http://eol.org/pages/578077/overview,not listed,not listed,,dense,spreading,evergreen,moderate,https://www.cal-ipc.org/plants/profile/myoporum-laetum-profile/,"none, once established"
Myrtus communis,TRUE MYRTLE,Myrtaceae,exotic,2508590,http://eol.org/pages/2508590/overview,Least Concern,Least Concern,http://dx.doi.org/10.2305/IUCN.UK.2018-1.RLTS.T203365A119997141.en.,dense,conical,evergreen,,,minimal
Nerium oleander,OLEANDER,Apocynaceae,exotic,581314,http://eol.org/pages/581314/overview,Least Concern,Least Concern,http://dx.doi.org/10.2305/IUCN.UK.2013-1.RLTS.T202961A13537523.en,little,rounded,evergreen,,,minimal
No Replant,No Replant,,,,,not listed,not listed,,,,,,,
Nolina recurvata,PONYTAIL PALM,Arecaceae,exotic,1086152,http://eol.org/pages/1086152/overview,not listed,not listed,,"little, none",palm,evergreen,,,
Olea europaea,OLIVE,Oleaceae,exotic,579181,http://eol.org/pages/579181/overview,Data Deficient,Data Deficient,http://www.iucnredlist.org/details/summary/63005/1,filtered,"rounded, vase",evergreen,limited,https://www.cal-ipc.org/plants/paf/olea-europaea-plant-assessment-form/,minimal
Other tree,Other Tree,,exotic,,,not listed,not listed,,,,,,,
Palm spp.,PALM,Arecaceae,exotic,8193,http://eol.org/pages/8193/overview,not listed,not listed,,"little, none",palm,evergreen,,,
Parkinsonia X 'Desert Museum',Desert Museum Palo Verde,Fabaceae,exotic,53527,http://eol.org/pages/53527/overview,not listed,not listed,,"little, none",palm,evergreen,,,
Persea americana,AVOCADO,Lauraceae,exotic,596888,http://eol.org/pages/596888/overview,Least Concern,Least Concern,http://www.iucnredlist.org/details/96986556/0,filtered,rounded,evergreen,,,moderate
Persea borbonia,RED BAY,Lauraceae,exotic,596915,http://eol.org/pages/596915/overview,not listed,not listed,,filtered,rounded,evergreen,,,moderate
Persea indica,Madeira Bay Fig,Lauraceae,exotic,5394782,http://eol.org/pages/5394782/overview,Least Concern,Least Concern,http://dx.doi.org/10.2305/IUCN.UK.2017-3.RLTS.T30329A102153566.en,filtered,rounded,evergreen,,,
Phoenix canariensis,CANARY ISLAND DATE PALM,Arecaceae,exotic,1135089,http://eol.org/pages/1135089/overview,Least Concern,Least Concern,http://www.iucnredlist.org/details/13416997/0,little,,,limited,https://www.cal-ipc.org/plants/paf/phoenix-canariensis-plant-assessment-form/,minimal
Phoenix dactylifera,DATE PALM,Arecaceae,exotic,1135088,http://eol.org/pages/1135088/overview,Least Concern,Least Concern,http://www.iucnredlist.org/details/13416997/0,little,,,,,moderate
Phoenix reclinata,SENEGAL PALM,Arecaceae,exotic,1135083,http://eol.org/pages/1135083/overview,Least Concern,Least Concern,http://dx.doi.org/10.2305/IUCN.UK.2017-3.RLTS.T67540526A67540546.en,"little, none",palm,evergreen,,,
Phoenix roebelenii,PYGMY DATE PALM,Arecaceae,exotic,1135082,http://eol.org/pages/1135082/overview,not listed,not listed,,"little, none",palm,evergreen,,,moderate
Phoenix rupicola,CLIFF DATE PALM,Arecaceae,exotic,1135081,http://eol.org/pages/1135081/overview,Lower Risk/near threatened,Lower Risk/near threatened,http://dx.doi.org/10.2305/IUCN.UK.1998.RLTS.T38629A10140589.en,"little, none",palm,evergreen,,,
Picea pungens,BLUE SPRUCE,Pinaceae,exotic,1033621,http://eol.org/pages/1033621/overview,Least Concern,Least Concern,http://dx.doi.org/10.2305/IUCN.UK.2013-1.RLTS.T42333A2973433.en,dense,"columnar, conical",evergreen,,,
Picea spp.,SPRUCE,Pinaceae,exotic,14029,http://eol.org/pages/14029/overview,not listed,not listed,,dense,conical,,,,
Pinus brutia,CALABRIAN PINE,Pinaceae,exotic,1061743,http://eol.org/pages/1061743/overview,Least Concern,Least Concern,http://dx.doi.org/10.2305/IUCN.UK.2013-1.RLTS.T42347A2974345.en,dense,conical,,,,minimal
Pinus canariensis,Canary Island Pine,Pinaceae,exotic,323436,http://eol.org/pages/323436/overview,Least Concern,Least Concern,http://dx.doi.org/10.2305/IUCN.UK.2017-2.RLTS.T39603A84061236.en,filtered,columnar,evergreen,,,minimal
Pinus eldarica,AFGHAN PINE,Pinaceae,exotic,1282072,http://eol.org/pages/1282072/overview,Near Threatened,Near Threatened,http://dx.doi.org/10.2305/IUCN.UK.2013-1.RLTS.T34183A2849651.en,dense,conical,,,,
Pinus halepensis,ALEPPO PINE,Pinaceae,exotic,1033600,http://eol.org/pages/1033600/overview,Least Concern,Least Concern,http://dx.doi.org/10.2305/IUCN.UK.2013-1.RLTS.T42366A2975569.en,filtered/dense,conical,evergreen,,,minimal
Pinus pinea,ITALIAN STONE PINE,Pinaceae,exotic,999491,http://eol.org/pages/999491/overview,Least Concern,Least Concern,http://www.iucnredlist.org/details/42391/0,dense,"rounded, spreading",evergreen,,,minimal
Pinus radiata,MONTEREY PINE,Pinaceae,native,1061749,http://eol.org/pages/1061749/overview,Endangered,"Endangered B2ab(ii,iii,v)",http://www.iucnredlist.org/details/42408/0,filtered,"conical, spreading",evergreen,,,minimal
Pinus roxburghii,CHIR PINE,Pinaceae,exotic,1033069,http://eol.org/pages/1033069/overview,Least Concern,Least Concern,http://dx.doi.org/10.2305/IUCN.UK.2013-1.RLTS.T42412A2978347.en,dense,conical,,,,
Pinus thunbergiana,JAPANESE BLACK PINE,Pinaceae,exotic,1033637,http://eol.org/pages/1033637/overview,Least Concern,Least Concern,http://dx.doi.org/10.2305/IUCN.UK.2013-1.RLTS.T42423A2979140.en,dense,"conical, spreading",evergreen,,,minimal
Pinus torreyana,TORREY PINE,Pinaceae,native,1059927,http://eol.org/pages/1059927/overview,Critically Endangered,"Critically Endangered B2ab(ii,iii,v)",http://dx.doi.org/10.2305/IUCN.UK.2013-1.RLTS.T42424A2979186.en,filtered/dense,"conical, vase",evergreen,,,minimal
Pistacia chinensis,CHINESE PISTACHE,Anacardiaceae,exotic,483509,http://eol.org/pages/483509/overview,not listed,not listed,,filtered,rounded,deciduous,,,"none, once established"
Pittosporum crassifolium,KARO,Pittosporaceae,exotic,486199,http://eol.org/pages/486199/overview,not listed,not listed,,dense,rounded,evergreen,,,moderate
Pittosporum phillyraeoides,WILLOW PITTOSPORUM,Pittosporaceae,exotic,5556132,http://eol.org/pages/5556132/overview,not listed,not listed,,filtered,"weeping, rounded",evergreen,,,moderate
Pittosporum tobira,MOCK ORANGE,Pittosporaceae,exotic,583390,http://eol.org/pages/583390/overview,not listed,not listed,,dense,rounded,evergreen,,,moderate
Pittosporum undulatum,VICTORIAN BOX,Pittosporaceae,exotic,583391,http://eol.org/pages/583391/overview,not listed,not listed,,dense,rounded,evergreen,watch,https://www.cal-ipc.org/plants/risk/pittosporum-undulatum-risk/,moderate
Pittosporum viridiflorum,CAPE PITTOSPORUM,Pittosporaceae,exotic,486203,http://eol.org/pages/486203/overview,not listed,not listed,,dense,rounded,evergreen,,,moderate
Platanus acerifolia,LONDON PLANE,Platanaceae,exotic,468381,http://eol.org/pages/468381/overview,not listed,not listed,,dense,"rounded, spreading",evergreen,,,moderate
Platanus hybrida,London Plane,Platanaceae,exotic,,,not listed,not listed,,dense,"vase, spreading",,,,
Platanus mexicana,Mexican Sycamore,Platanaceae,exotic,5348089,http://eol.org/pages/5348089/overview,not listed,not listed,,dense,"vase, spreading",,,,
Platanus racemosa,CALIFORNIA SYCAMORE,Platanaceae,native,594707,http://eol.org/pages/594707/overview,not listed,not listed,,filtered,spreading,evergreen,,,
Platanus spp.,SYCAMORE,Platanaceae,exotic,59477,http://eol.org/pages/59477/overview,not listed,not listed,,dense,"vase, spreading",,,,
Platanus X hispanica,London Plane,Platanaceae,exotic,,,not listed,not listed,,dense,"vase, spreading",,,,
Platanus X hispanica 'Bloodgood',Bloodgood Plane,Platanaceae,exotic,,,not listed,not listed,,filtered,rounded,deciduous,,,
Platanus X hispanica 'Columbia',Columbia Plane,Platanaceae,exotic,,,not listed,not listed,,dense,"rounded, spreading",deciduous,,,
Platanus X hispanica 'Yarwood',Yarwood Plane,Platanaceae,exotic,,,not listed,not listed,,filtered,rounded,deciduous,,,
Platycladus orientalis,ORIENTAL ARBORVITAE,Cupressaceae,exotic,323359,http://eol.org/pages/323359/overview,Near Threatened,Near Threatened,http://dx.doi.org/10.2305/IUCN.UK.2013-1.RLTS.T31305A2803944.en,dense,rounded,evergreen,,,moderate
Prunus armeniaca,APRICOT,Rosaceae,exotic,301091,http://eol.org/pages/301091/overview,Least Concern,Least Concern,,filtered,"Rounded, Spreading, Vase",deciduous,,,moderate
Prunus blireiana,FLOWERING PLUM,Rosaceae,exotic,634384,http://eol.org/pages/634384/overview,not listed,not listed,,filtered,,,,,moderate
Prunus caroliniana,CAROLINA LAUREL CHERRY,Rosaceae,exotic,301110,http://eol.org/pages/301110/overview,not listed,not listed,,dense,rounded,evergreen,,,
Prunus cerasifera,PURPLE-LEAF PLUM,Rosaceae,exotic,301112,https://eol.org/pages/301112/overview,Data Deficient,Data Deficient,http://www.iucnredlist.org/details/172162/1,dense,"rounded, vase",deciduous,limited,https://www.cal-ipc.org/plants/paf/prunus-cerasifera-plant-assessment-form/,moderate
Prunus cerasifera 'Atropurpurea',Purple-Leaf Flowering Plum,Rosaceae,exotic,301112,https://eol.org/pages/301112/overview,not listed,not listed,,dense,"rounded, vase",deciduous,limited,https://www.cal-ipc.org/plants/paf/prunus-cerasifera-plant-assessment-form/,moderate
Prunus cerasifera 'Krater Vesuvius',PLUM KRAUTERS VESUVIUS,Rosaceae,exotic,301112,https://eol.org/pages/301112/overview,not listed,not listed,,dense,rounded,deciduous,limited,https://www.cal-ipc.org/plants/paf/prunus-cerasifera-plant-assessment-form/,moderate
Prunus cerasifera 'Newport',Newport Plum,Rosaceae,exotic,301112,https://eol.org/pages/301112/overview,not listed,not listed,,dense,"rounded, vase",deciduous,limited,https://www.cal-ipc.org/plants/paf/prunus-cerasifera-plant-assessment-form/,moderate
Prunus domestica,PLUM,Rosaceae,exotic,301139,http://eol.org/pages/301139/overview,Data Deficient,Data Deficient,http://dx.doi.org/10.2305/IUCN.UK.2017-3.RLTS.T50135950A50135957.en,filtered,"rounded, spreading",deciduous,,,moderate
Prunus ilicifolia,Hollyleaf Cherry,Rosaceae,native,11165073,http://eol.org/pages/11165073/overview,not listed,not listed,,dense,spreading,evergreen,,,
Prunus ilicifolia ssp. Lyonii,CATALINA CHERRY,Rosaceae,native,1245549,http://eol.org/pages/1245549/overview,not listed,not listed,,dense,"spreading, vase",evergreen,,,moderate
Prunus lusitanica,Portugal Laurel,Rosaceae,exotic,640257,http://eol.org/pages/640257/overview,Vulnerable,"Vulnerable B2ab(ii,v) (Regional assessment)",http://www.iucnredlist.org/details/62857/1,dense,spreading,evergreen,,,
Prunus persica,PEACH,Rosaceae,exotic,631649,http://eol.org/pages/631649/overview,not listed,not listed,,filtered,rounded,deciduous,,,moderate
Prunus spp.,Stone Fruit,Rosaceae,exotic,39934521,https://eol.org/pages/39934521,not listed,not listed,,filtered,,,,,
Psidium guajava,GUAVA,Myrtaceae,exotic,2508593,http://eol.org/pages/2508593/overview,not listed,not listed,,filtered,"rounded, vase","evergreen, semi-deciduous",,,
Pyrus calleryana,ORNAMENTAL PEAR,Rosaceae,exotic,299081,http://eol.org/pages/299081/overview,not listed,not listed,,dense,rounded,deciduous,watch,https://www.cal-ipc.org/plants/risk/pyrus-calleryana-risk/,moderate
Pyrus kawakamii,EVERGREEN PEAR,Rosaceae,exotic,634663,http://eol.org/pages/634663/overview,not listed,not listed,,filtered,"pendulous, spreading","evergreen, semi-deciduous",,,moderate
Quercus agrifolia,COAST LIVE OAK,Fagaceae,native,1151806,http://eol.org/pages/1151806/overview,Least Concern,Least Concern,http://dx.doi.org/10.2305/IUCN.UK.2016-1.RLTS.T194049A2295175.en,dense,"rounded, spreading",evergreen,,,minimal
Quercus engelmannii,ENGELMANN OAK,Fagaceae,native,1151633,http://www.eol.org/pages/1151633/overview,Endangered,Endangered A3c,http://www.iucnredlist.org/details/34020/0,dense,vase,,,,
Quercus ilex,HOLLY OAK,Fagaceae,exotic,1151536,http://eol.org/pages/1151536/overview,Least Concern,Least Concern,http://dx.doi.org/10.2305/IUCN.UK.2017-3.RLTS.T62537A3116134.en,dense,"rounded, spreading",evergreen,,,minimal
Quercus suber,CORK OAK,Fagaceae,exotic,1151259,http://eol.org/pages/1151259/overview,Least Concern,Least Concern,http://dx.doi.org/10.2305/IUCN.UK.2017-3.RLTS.T194237A2305530.en,dense,"Pendulous, Rounded, Spreading, Vase",evergreen,,,minimal
Quercus tomentella,ISLAND OAK,Fagaceae,native,1151230,http://www.eol.org/pages/1151230/overview,Endangered,"Endangered B2ab(i,ii,iv,v)",http://www.iucnredlist.org/details/30959/0,dense,vase,,,,
Quillaja saponaria,SOAPBARK TREE,Quillajaceae,exotic,241669,http://www.eol.org/pages/241669/overview,not listed,not listed,,dense,rounded,evergreen,,,
Radermachera sinica,CHINA DOLL,Bignoniaceae,exotic,2895140,http://eol.org/pages/2895140/overview,not listed,not listed,,,,evergreen,,,moderate
Ravenea rivularis,MAJESTY PALM,Arecaceae,exotic,1131993,http://eol.org/pages/1131993/overview,Vulnerable,"Vulnerable B2ab(i,ii,iii,iv,v)",http://dx.doi.org/10.2305/IUCN.UK.2017-2.RLTS.T38677A67737451.en,"little, none",palm,evergreen,,,moderate
Rhus lancea,AFRICAN SUMAC,Anacardiaceae,exotic,46323916,http://eol.org/pages/46323916/overview,not listed,not listed,,dense,"pendulous, rounded",evergreen,,,
Rhus laurina,Laurel Sumac,Anacardiaceae,native,486956,https://eol.org/pages/486956/overview,not listed,not listed,,,,evergreen,,,
Robinia ambigua 'Idahoensis',Idaho Locust,Fabaceae,exotic,2513774,http://eol.org/pages/2513774/overview,not listed,not listed,,filtered,vase,deciduous,,,
Robinia pseudoacacia,Black Locust,Fabaceae,exotic,704089,http://eol.org/pages/704089/overview,Least Concern,Least Concern,http://dx.doi.org/10.2305/IUCN.UK.2012.RLTS.T19891648A20138922.en,filtered,spreading,deciduous,limited,https://www.cal-ipc.org/plants/paf/robinia-pseudoacacia-plant-assessment-form/,
Roystonea regia,CUBAN ROYAL PALM,Arecaceae,exotic,1131526,http://eol.org/pages/1131526/overview,not listed,not listed,,"little, none",palm,evergreen,,,moderate
Salix babylonica,WEEPING WILLOW,Salicaceae,exotic,483069,http://www.eol.org/pages/483069/overview,not listed,not listed,,"filtered, dense",weeping,deciduous,,,
Schefflera actinophylla,QUEENSLAND UMBRELLA TREE,Araliaceae,exotic,1150882,http://eol.org/pages/1150882/overview,not listed,not listed,,"filtered, dense",,,,,moderate
Schinus molle,CALIFORNIA PEPPER,Anacardiaceae,exotic,582275,http://eol.org/pages/582275/overview,not listed,not listed,,filtered,"Pendulous, Rounded, Spreading",evergreen,,,minimal
Schinus terebinthifolius,BRAZILIAN PEPPER,Anacardiaceae,exotic,582274,http://eol.org/pages/582274/overview,not listed,not listed,,dense,rounded,evergreen,,,minimal
Sequoia sempervirens,COAST REDWOOD,Cupressaceae,native,1034849,http://eol.org/pages/1034849/overview,Endangered,Endangered A2acd,http://www.iucnredlist.org/details/34051/0,dense,conical,evergreen,,,high
Stenocarpus sinuatus,FIREWHEEL TREE,Proteaceae,exotic,582737,http://eol.org/pages/582737/overview,not listed,not listed,,filtered,,,,,moderate
Strelitzia nicolai,GIANT BIRD OF PARADISE,Strelitziaceae,exotic,345179,http://eol.org/pages/345179/overview,not listed,not listed,,"little, none",palm,evergreen,,,moderate
Stump,STUMP,,,,,not listed,not listed,,,,,,,
Stump - not accessible,STUMP - NOT ACCESSIBLE,,,,,not listed,not listed,,,,,,,
Styphnolobium japonicum,Japanese Pagoda Tree,Fabaceae,exotic,702857,http://eol.org/pages/702857/overview,not listed,not listed,,"filtered, dense",,,,,
Syagrus romanzoffianum,QUEEN PALM,Arecaceae,exotic,1129524,http://eol.org/pages/1129524/overview,not listed,not listed,,"little, none",palm,evergreen,,,moderate
Syzygium paniculatum,BRUSH CHERRY,Myrtaceae,exotic,2508667,http://eol.org/pages/2508667/overview,not listed,not listed,,dense,rounded,evergreen,,,moderate
Syzygium spp.,Eugenia,Myrtaceae,exotic,2508658,http://eol.org/pages/2508658/overview,not listed,not listed,,dense,,,,,
Taxodium distichum,BALD CYPRESS,Cupressaceae,exotic,1061709,http://www.eol.org/pages/1061709/overview,Least Concern,Least Concern,http://dx.doi.org/10.2305/IUCN.UK.2013-1.RLTS.T42261A2967873.en,"filtered, dense",,,,,
Taxodium huegelii,Mexican Cypress,Cupressaceae,exotic,1034850,http://www.eol.org/pages/1034850/overview,not listed,not listed,,"filtered, dense",,,,,
Tecoma stans,YELLOW ELDER,Bignoniaceae,exotic,578225,http://eol.org/pages/578225/overview,not listed,not listed,,filtered,,,,,
Thevetia peruviana,YELLOW OLEANDER,Apocynaceae,exotic,585619,http://eol.org/pages/585619/overview,not listed,not listed,,filtered,,,,,minimal
Thuja occidentalis,American Arborvitae,Cupressaceae,exotic,1034927,http://eol.org/pages/1034927/overview,Least Concern,Least Concern,http://dx.doi.org/10.2305/IUCN.UK.2013-1.RLTS.T42262A2967995.en,little,"conical, rounded",evergreen,,,
Tilia americana,American Linden,Malvaceae,exotic,584834,http://eol.org/pages/584834/overview,Least Concern,Least Concern,http://dx.doi.org/10.2305/IUCN.UK.2017-3.RLTS.T61788230A61788232.en,filtered,"conical, rounded",deciduous,,,
Tipuana tipu,TIPU,Fabaceae,exotic,638623,http://www.eol.org/pages/638623/overview,not listed,not listed,,filtered,,,,,moderate
Trachycarpus fortunei,WINDMILL PALM,Arecaceae,exotic,1128696,http://eol.org/pages/1128696/overview,not listed,not listed,,little/none,palm,evergreen,,,moderate
Tristaniopsis laurina,WATER GUM,Myrtaceae,exotic,5461008,http://eol.org/pages/5461008/overview,not listed,not listed,,dense,"rounded, vase",evergreen,,,"none, once established"
Ulmus parvifolia,CHINESE ELM,Ulmaceae,exotic,595062,http://eol.org/pages/595062/overview,not listed,not listed,,filtered,"pendulous, spreading","evergreen, semi-deciduous",,,moderate
Ulmus parvifolia 'Allee',Allee Elm,Ulmaceae,exotic,,http://eol.org/pages/595062/overview,not listed,not listed,,filtered,rounded,"evergreen, semi-deciduous",,,moderate
Ulmus parvifolia 'Drake',DRAKE ELM,Ulmaceae,exotic,,http://eol.org/pages/595062/overview,not listed,not listed,,filtered,rounded,"evergreen, semi-deciduous",,,moderate
Ulmus propinqua 'Emerald Sunshine',Emerald Sunshine Elm,,exotic,,,not listed,not listed,,"filtered, dense",vase,,,,
Ulmus pumila,SIBERIAN ELM,Ulmaceae,exotic,594950,http://www.eol.org/pages/594950/overview,Least Concern,Least Concern,http://dx.doi.org/10.2305/IUCN.UK.2018-1.RLTS.T61967372A61967374.en,filtered,"spreading, rounded",deciduous,,,moderate
Umbellularia californica,California Bay,Lauraceae,native,596841,http://eol.org/pages/596841/overview,not listed,not listed,,filtered,rounded,evergreen,,,"none, once established"
Unidentified spp.,Unidentified Tree,,,,,not listed,not listed,,,,,,,
Unsuitable site,UNSUITABLE SITE,,,,,not listed,not listed,,,,,,,
Vacant site,VACANT SITE,,,,,not listed,not listed,,,,,,,
Viburnum spp.,Viburnum,Adoxaceae,exotic,37657,http://eol.org/pages/37657/overview,not listed,not listed,,dense,,,,,moderate
Washingtonia filifera,CALIFORNIA FAN PALM,Arecaceae,native,1127834,http://www.eol.org/pages/1127834/overview,Lower Risk/near threatened,Lower Risk/near threatened,http://dx.doi.org/10.2305/IUCN.UK.1998.RLTS.T38725A10145920.en,little,,,,,"none, once established"
Washingtonia filifera X robusta,Filibuster Hybrid Fan Palm,Arecaceae,exotic,,,not listed,not listed,,"little, none",palm,evergreen,,,
Washingtonia robusta,MEXICAN FAN PALM,Arecaceae,exotic,1127833,http://eol.org/pages/1127833/overview,Lower Risk/near threatened,Lower Risk/near threatened,http://dx.doi.org/10.2305/IUCN.UK.1998.RLTS.T38725A10145920.en,little,,,moderate,https://www.cal-ipc.org/plants/paf/washingtonia-robusta-plant-assessment-form/,"none, once established"
Wisteria sinensis,CHINESE WISTERIA,Fabaceae,exotic,704193,http://eol.org/pages/704193/overview,not listed,not listed,,filtered,vine,,,,
Wodyetia bifurcata,FOXTAIL PALM,Arecaceae,exotic,1127809,http://eol.org/pages/1127809/overview,Lower Risk/conservation dependent,Lower Risk/conservation dependent,http://dx.doi.org/10.2305/IUCN.UK.1998.RLTS.T38733A10146773.en,"little, none",palm,evergreen,,,moderate
Yucca elephantipes,Giant Yucca,Asparagaceae,exotic,1083612,https://eol.org/pages/1083612/overview,not listed,not listed,,filtered,palm,evergreen,,,"none, once established"
Yucca gloriosa,SPANISH DAGGER,Asparagaceae,exotic,1083624,http://www.eol.org/pages/1083624/overview,not listed,not listed,,little/none,palm,evergreen,,,"none, once established"
Yucca spp.,Yucca Species,Asparagaceae,exotic,23768875,https://eol.org/pages/23768875,not listed,not listed,,"little, none",palm,evergreen,,,"none, once established"
Zelkova serrata,Sawtooth Zelkova,Ulmaceae,exotic,484119,http://eol.org/pages/484119/overview,not listed,not listed,,filtered,"spreading, vase",deciduous,,,
